{"PR":[{"stat":0,"label":"Streets"},{"stat":0,"label":"Streets"},{"stat":0,"label":"Addresses"},{"stat":0,"label":"Cities"},{"stat":0,"label":"Streets"},{"stat":0,"label":"Adms"},{"stat":0,"label":"Streets"},{"stat":-1,"label":"Pois:all"}],"PS":[{"stat":0,"label":"Streets"},{"stat":0,"label":"Streets"},{"stat":0,"label":"Addresses"},{"stat":0,"label":"Cities"},{"stat":0,"label":"Streets"},{"stat":0,"label":"Adms"},{"stat":0,"label":"Streets"},{"stat":-1,"label":"Pois:all"}],"PT":[{"stat":0,"label":"Streets"},{"stat":0,"label":"Streets"},{"stat":0,"label":"Addresses"},{"stat":0,"label":"Cities"},{"stat":0,"label":"Streets"},{"stat":0,"label":"Adms"},{"stat":0,"label":"Streets"},{"stat":-1,"label":"Pois:all"}],"PW":[{"stat":0,"label":"Streets"},{"stat":0,"label":"Streets"},{"stat":0,"label":"Addresses"},{"stat":0,"label":"Cities"},{"stat":0,"label":"Streets"},{"stat":0,"label":"Adms"},{"stat":0,"label":"Streets"},{"stat":-1,"label":"Pois:all"}],"PY":[{"stat":0,"label":"Streets"},{"stat":0,"label":"Streets"},{"stat":0,"label":"Addresses"},{"stat":0,"label":"Cities"},{"stat":0,"label":"Streets"},{"stat":0,"label":"Adms"},{"stat":0,"label":"Streets"},{"stat":-1,"label":"Pois:all"}],"QA":[{"stat":0,"label":"Streets"},{"stat":0,"label":"Streets"},{"stat":0,"label":"Addresses"},{"stat":0,"label":"Cities"},{"stat":0,"label":"Streets"},{"stat":0,"label":"Adms"},{"stat":0,"label":"Streets"},{"stat":-1,"label":"Pois:all"}],"AD":[{"stat":0,"label":"Streets"},{"stat":0,"label":"Streets"},{"stat":0,"label":"Addresses"},{"stat":0,"label":"Cities"},{"stat":0,"label":"Streets"},{"stat":0,"label":"Adms"},{"stat":0,"label":"Streets"},{"stat":-1,"label":"Pois:all"}],"AE":[{"stat":0,"label":"Streets"},{"stat":0,"label":"Streets"},{"stat":0,"label":"Addresses"},{"stat":0,"label":"Cities"},{"stat":0,"label":"Streets"},{"stat":0,"label":"Adms"},{"stat":0,"label":"Streets"},{"stat":-1,"label":"Pois:all"}],"AF":[{"stat":0,"label":"Streets"},{"stat":0,"label":"Streets"},{"stat":0,"label":"Addresses"},{"stat":0,"label":"Cities"},{"stat":0,"label":"Streets"},{"stat":0,"label":"Adms"},{"stat":0,"label":"Streets"},{"stat":-1,"label":"Pois:all"}],"AG":[{"stat":0,"label":"Streets"},{"stat":0,"label":"Streets"},{"stat":0,"label":"Addresses"},{"stat":0,"label":"Cities"},{"stat":0,"label":"Streets"},{"stat":0,"label":"Adms"},{"stat":0,"label":"Streets"},{"stat":-1,"label":"Pois:all"}],"AI":[{"stat":0,"label":"Streets"},{"stat":0,"label":"Streets"},{"stat":0,"label":"Addresses"},{"stat":0,"label":"Cities"},{"stat":0,"label":"Streets"},{"stat":0,"label":"Adms"},{"stat":0,"label":"Streets"},{"stat":-1,"label":"Pois:all"}],"AL":[{"stat":0,"label":"Streets"},{"stat":0,"label":"Streets"},{"stat":0,"label":"Addresses"},{"stat":0,"label":"Cities"},{"stat":0,"label":"Streets"},{"stat":0,"label":"Adms"},{"stat":0,"label":"Streets"},{"stat":-1,"label":"Pois:all"}],"AM":[{"stat":0,"label":"Streets"},{"stat":0,"label":"Streets"},{"stat":0,"label":"Addresses"},{"stat":0,"label":"Cities"},{"stat":0,"label":"Streets"},{"stat":0,"label":"Adms"},{"stat":0,"label":"Streets"},{"stat":-1,"label":"Pois:all"}],"AO":[{"stat":0,"label":"Streets"},{"stat":0,"label":"Streets"},{"stat":0,"label":"Addresses"},{"stat":0,"label":"Cities"},{"stat":0,"label":"Streets"},{"stat":0,"label":"Adms"},{"stat":0,"label":"Streets"},{"stat":-1,"label":"Pois:all"}],"AQ":[{"stat":0,"label":"Streets"},{"stat":0,"label":"Streets"},{"stat":0,"label":"Addresses"},{"stat":0,"label":"Cities"},{"stat":0,"label":"Streets"},{"stat":0,"label":"Adms"},{"stat":0,"label":"Streets"},{"stat":-1,"label":"Pois:all"}],"AR":[{"stat":0,"label":"Streets"},{"stat":0,"label":"Streets"},{"stat":0,"label":"Addresses"},{"stat":0,"label":"Cities"},{"stat":0,"label":"Streets"},{"stat":0,"label":"Adms"},{"stat":0,"label":"Streets"},{"stat":-1,"label":"Pois:all"}],"AS":[{"stat":0,"label":"Streets"},{"stat":0,"label":"Streets"},{"stat":0,"label":"Addresses"},{"stat":0,"label":"Cities"},{"stat":0,"label":"Streets"},{"stat":0,"label":"Adms"},{"stat":0,"label":"Streets"},{"stat":-1,"label":"Pois:all"}],"AT":[{"stat":0,"label":"Streets"},{"stat":0,"label":"Streets"},{"stat":0,"label":"Addresses"},{"stat":0,"label":"Cities"},{"stat":0,"label":"Streets"},{"stat":0,"label":"Adms"},{"stat":0,"label":"Streets"},{"stat":-1,"label":"Pois:all"}],"RE":[{"stat":0,"label":"Streets"},{"stat":0,"label":"Streets"},{"stat":0,"label":"Addresses"},{"stat":0,"label":"Cities"},{"stat":0,"label":"Streets"},{"stat":0,"label":"Adms"},{"stat":0,"label":"Streets"},{"stat":-1,"label":"Pois:all"}],"AU":[{"stat":0,"label":"Streets"},{"stat":0,"label":"Streets"},{"stat":0,"label":"Addresses"},{"stat":0,"label":"Cities"},{"stat":0,"label":"Streets"},{"stat":0,"label":"Adms"},{"stat":0,"label":"Streets"},{"stat":-1,"label":"Pois:all"}],"AW":[{"stat":0,"label":"Streets"},{"stat":0,"label":"Streets"},{"stat":0,"label":"Addresses"},{"stat":0,"label":"Cities"},{"stat":0,"label":"Streets"},{"stat":0,"label":"Adms"},{"stat":0,"label":"Streets"},{"stat":-1,"label":"Pois:all"}],"AX":[{"stat":0,"label":"Streets"},{"stat":0,"label":"Streets"},{"stat":0,"label":"Addresses"},{"stat":0,"label":"Cities"},{"stat":0,"label":"Streets"},{"stat":0,"label":"Adms"},{"stat":0,"label":"Streets"},{"stat":-1,"label":"Pois:all"}],"AZ":[{"stat":0,"label":"Streets"},{"stat":0,"label":"Streets"},{"stat":0,"label":"Addresses"},{"stat":0,"label":"Cities"},{"stat":0,"label":"Streets"},{"stat":0,"label":"Adms"},{"stat":0,"label":"Streets"},{"stat":-1,"label":"Pois:all"}],"RO":[{"stat":0,"label":"Streets"},{"stat":0,"label":"Streets"},{"stat":0,"label":"Addresses"},{"stat":0,"label":"Cities"},{"stat":0,"label":"Streets"},{"stat":0,"label":"Adms"},{"stat":0,"label":"Streets"},{"stat":-1,"label":"Pois:all"}],"BA":[{"stat":0,"label":"Streets"},{"stat":0,"label":"Streets"},{"stat":0,"label":"Addresses"},{"stat":0,"label":"Cities"},{"stat":0,"label":"Streets"},{"stat":0,"label":"Adms"},{"stat":0,"label":"Streets"},{"stat":-1,"label":"Pois:all"}],"BB":[{"stat":0,"label":"Streets"},{"stat":0,"label":"Streets"},{"stat":0,"label":"Addresses"},{"stat":0,"label":"Cities"},{"stat":0,"label":"Streets"},{"stat":0,"label":"Adms"},{"stat":0,"label":"Streets"},{"stat":-1,"label":"Pois:all"}],"RS":[{"stat":0,"label":"Streets"},{"stat":0,"label":"Streets"},{"stat":0,"label":"Addresses"},{"stat":0,"label":"Cities"},{"stat":0,"label":"Streets"},{"stat":0,"label":"Adms"},{"stat":0,"label":"Streets"},{"stat":-1,"label":"Pois:all"}],"BD":[{"stat":0,"label":"Streets"},{"stat":0,"label":"Streets"},{"stat":0,"label":"Addresses"},{"stat":0,"label":"Cities"},{"stat":0,"label":"Streets"},{"stat":0,"label":"Adms"},{"stat":0,"label":"Streets"},{"stat":-1,"label":"Pois:all"}],"BE":[{"stat":0,"label":"Streets"},{"stat":0,"label":"Streets"},{"stat":0,"label":"Addresses"},{"stat":0,"label":"Cities"},{"stat":0,"label":"Streets"},{"stat":0,"label":"Adms"},{"stat":0,"label":"Streets"},{"stat":-1,"label":"Pois:all"}],"RU":[{"stat":0,"label":"Streets"},{"stat":0,"label":"Streets"},{"stat":0,"label":"Addresses"},{"stat":0,"label":"Cities"},{"stat":0,"label":"Streets"},{"stat":0,"label":"Adms"},{"stat":0,"label":"Streets"},{"stat":-1,"label":"Pois:all"}],"BF":[{"stat":0,"label":"Streets"},{"stat":0,"label":"Streets"},{"stat":0,"label":"Addresses"},{"stat":0,"label":"Cities"},{"stat":0,"label":"Streets"},{"stat":0,"label":"Adms"},{"stat":0,"label":"Streets"},{"stat":-1,"label":"Pois:all"}],"BG":[{"stat":0,"label":"Streets"},{"stat":0,"label":"Streets"},{"stat":0,"label":"Addresses"},{"stat":0,"label":"Cities"},{"stat":0,"label":"Streets"},{"stat":0,"label":"Adms"},{"stat":0,"label":"Streets"},{"stat":-1,"label":"Pois:all"}],"RW":[{"stat":0,"label":"Streets"},{"stat":0,"label":"Streets"},{"stat":0,"label":"Addresses"},{"stat":0,"label":"Cities"},{"stat":0,"label":"Streets"},{"stat":0,"label":"Adms"},{"stat":0,"label":"Streets"},{"stat":-1,"label":"Pois:all"}],"BH":[{"stat":0,"label":"Streets"},{"stat":0,"label":"Streets"},{"stat":0,"label":"Addresses"},{"stat":0,"label":"Cities"},{"stat":0,"label":"Streets"},{"stat":0,"label":"Adms"},{"stat":0,"label":"Streets"},{"stat":-1,"label":"Pois:all"}],"BI":[{"stat":0,"label":"Streets"},{"stat":0,"label":"Streets"},{"stat":0,"label":"Addresses"},{"stat":0,"label":"Cities"},{"stat":0,"label":"Streets"},{"stat":0,"label":"Adms"},{"stat":0,"label":"Streets"},{"stat":-1,"label":"Pois:all"}],"BJ":[{"stat":0,"label":"Streets"},{"stat":0,"label":"Streets"},{"stat":0,"label":"Addresses"},{"stat":0,"label":"Cities"},{"stat":0,"label":"Streets"},{"stat":0,"label":"Adms"},{"stat":0,"label":"Streets"},{"stat":-1,"label":"Pois:all"}],"BL":[{"stat":0,"label":"Streets"},{"stat":0,"label":"Streets"},{"stat":0,"label":"Addresses"},{"stat":0,"label":"Cities"},{"stat":0,"label":"Streets"},{"stat":0,"label":"Adms"},{"stat":0,"label":"Streets"},{"stat":-1,"label":"Pois:all"}],"BM":[{"stat":0,"label":"Streets"},{"stat":0,"label":"Streets"},{"stat":0,"label":"Addresses"},{"stat":0,"label":"Cities"},{"stat":0,"label":"Streets"},{"stat":0,"label":"Adms"},{"stat":0,"label":"Streets"},{"stat":-1,"label":"Pois:all"}],"BN":[{"stat":0,"label":"Streets"},{"stat":0,"label":"Streets"},{"stat":0,"label":"Addresses"},{"stat":0,"label":"Cities"},{"stat":0,"label":"Streets"},{"stat":0,"label":"Adms"},{"stat":0,"label":"Streets"},{"stat":-1,"label":"Pois:all"}],"BO":[{"stat":0,"label":"Streets"},{"stat":0,"label":"Streets"},{"stat":0,"label":"Addresses"},{"stat":0,"label":"Cities"},{"stat":0,"label":"Streets"},{"stat":0,"label":"Adms"},{"stat":0,"label":"Streets"},{"stat":-1,"label":"Pois:all"}],"SA":[{"stat":0,"label":"Streets"},{"stat":0,"label":"Streets"},{"stat":0,"label":"Addresses"},{"stat":0,"label":"Cities"},{"stat":0,"label":"Streets"},{"stat":0,"label":"Adms"},{"stat":0,"label":"Streets"},{"stat":-1,"label":"Pois:all"}],"BQ":[{"stat":0,"label":"Streets"},{"stat":0,"label":"Streets"},{"stat":0,"label":"Addresses"},{"stat":0,"label":"Cities"},{"stat":0,"label":"Streets"},{"stat":0,"label":"Adms"},{"stat":0,"label":"Streets"},{"stat":-1,"label":"Pois:all"}],"SB":[{"stat":0,"label":"Streets"},{"stat":0,"label":"Streets"},{"stat":0,"label":"Addresses"},{"stat":0,"label":"Cities"},{"stat":0,"label":"Streets"},{"stat":0,"label":"Adms"},{"stat":0,"label":"Streets"},{"stat":-1,"label":"Pois:all"}],"BR":[{"stat":0,"label":"Streets"},{"stat":0,"label":"Streets"},{"stat":0,"label":"Addresses"},{"stat":0,"label":"Cities"},{"stat":0,"label":"Streets"},{"stat":0,"label":"Adms"},{"stat":0,"label":"Streets"},{"stat":-1,"label":"Pois:all"}],"SC":[{"stat":0,"label":"Streets"},{"stat":0,"label":"Streets"},{"stat":0,"label":"Addresses"},{"stat":0,"label":"Cities"},{"stat":0,"label":"Streets"},{"stat":0,"label":"Adms"},{"stat":0,"label":"Streets"},{"stat":-1,"label":"Pois:all"}],"BS":[{"stat":0,"label":"Streets"},{"stat":0,"label":"Streets"},{"stat":0,"label":"Addresses"},{"stat":0,"label":"Cities"},{"stat":0,"label":"Streets"},{"stat":0,"label":"Adms"},{"stat":0,"label":"Streets"},{"stat":-1,"label":"Pois:all"}],"SD":[{"stat":0,"label":"Streets"},{"stat":0,"label":"Streets"},{"stat":0,"label":"Addresses"},{"stat":0,"label":"Cities"},{"stat":0,"label":"Streets"},{"stat":0,"label":"Adms"},{"stat":0,"label":"Streets"},{"stat":-1,"label":"Pois:all"}],"BT":[{"stat":0,"label":"Streets"},{"stat":0,"label":"Streets"},{"stat":0,"label":"Addresses"},{"stat":0,"label":"Cities"},{"stat":0,"label":"Streets"},{"stat":0,"label":"Adms"},{"stat":0,"label":"Streets"},{"stat":-1,"label":"Pois:all"}],"SE":[{"stat":0,"label":"Streets"},{"stat":0,"label":"Streets"},{"stat":0,"label":"Addresses"},{"stat":0,"label":"Cities"},{"stat":0,"label":"Streets"},{"stat":0,"label":"Adms"},{"stat":0,"label":"Streets"},{"stat":-1,"label":"Pois:all"}],"BV":[{"stat":0,"label":"Streets"},{"stat":0,"label":"Streets"},{"stat":0,"label":"Addresses"},{"stat":0,"label":"Cities"},{"stat":0,"label":"Streets"},{"stat":0,"label":"Adms"},{"stat":0,"label":"Streets"},{"stat":-1,"label":"Pois:all"}],"SG":[{"stat":0,"label":"Streets"},{"stat":0,"label":"Streets"},{"stat":0,"label":"Addresses"},{"stat":0,"label":"Cities"},{"stat":0,"label":"Streets"},{"stat":0,"label":"Adms"},{"stat":0,"label":"Streets"},{"stat":-1,"label":"Pois:all"}],"BW":[{"stat":0,"label":"Streets"},{"stat":0,"label":"Streets"},{"stat":0,"label":"Addresses"},{"stat":0,"label":"Cities"},{"stat":0,"label":"Streets"},{"stat":0,"label":"Adms"},{"stat":0,"label":"Streets"},{"stat":-1,"label":"Pois:all"}],"SH":[{"stat":0,"label":"Streets"},{"stat":0,"label":"Streets"},{"stat":0,"label":"Addresses"},{"stat":0,"label":"Cities"},{"stat":0,"label":"Streets"},{"stat":0,"label":"Adms"},{"stat":0,"label":"Streets"},{"stat":-1,"label":"Pois:all"}],"SI":[{"stat":0,"label":"Streets"},{"stat":0,"label":"Streets"},{"stat":0,"label":"Addresses"},{"stat":0,"label":"Cities"},{"stat":0,"label":"Streets"},{"stat":0,"label":"Adms"},{"stat":0,"label":"Streets"},{"stat":-1,"label":"Pois:all"}],"BY":[{"stat":0,"label":"Streets"},{"stat":0,"label":"Streets"},{"stat":0,"label":"Addresses"},{"stat":0,"label":"Cities"},{"stat":0,"label":"Streets"},{"stat":0,"label":"Adms"},{"stat":0,"label":"Streets"},{"stat":-1,"label":"Pois:all"}],"SJ":[{"stat":0,"label":"Streets"},{"stat":0,"label":"Streets"},{"stat":0,"label":"Addresses"},{"stat":0,"label":"Cities"},{"stat":0,"label":"Streets"},{"stat":0,"label":"Adms"},{"stat":0,"label":"Streets"},{"stat":-1,"label":"Pois:all"}],"BZ":[{"stat":0,"label":"Streets"},{"stat":0,"label":"Streets"},{"stat":0,"label":"Addresses"},{"stat":0,"label":"Cities"},{"stat":0,"label":"Streets"},{"stat":0,"label":"Adms"},{"stat":0,"label":"Streets"},{"stat":-1,"label":"Pois:all"}],"SK":[{"stat":0,"label":"Streets"},{"stat":0,"label":"Streets"},{"stat":0,"label":"Addresses"},{"stat":0,"label":"Cities"},{"stat":0,"label":"Streets"},{"stat":0,"label":"Adms"},{"stat":0,"label":"Streets"},{"stat":-1,"label":"Pois:all"}],"SL":[{"stat":0,"label":"Streets"},{"stat":0,"label":"Streets"},{"stat":0,"label":"Addresses"},{"stat":0,"label":"Cities"},{"stat":0,"label":"Streets"},{"stat":0,"label":"Adms"},{"stat":0,"label":"Streets"},{"stat":-1,"label":"Pois:all"}],"SM":[{"stat":0,"label":"Streets"},{"stat":0,"label":"Streets"},{"stat":0,"label":"Addresses"},{"stat":0,"label":"Cities"},{"stat":0,"label":"Streets"},{"stat":0,"label":"Adms"},{"stat":0,"label":"Streets"},{"stat":-1,"label":"Pois:all"}],"SN":[{"stat":0,"label":"Streets"},{"stat":0,"label":"Streets"},{"stat":0,"label":"Addresses"},{"stat":0,"label":"Cities"},{"stat":0,"label":"Streets"},{"stat":0,"label":"Adms"},{"stat":0,"label":"Streets"},{"stat":-1,"label":"Pois:all"}],"SO":[{"stat":0,"label":"Streets"},{"stat":0,"label":"Streets"},{"stat":0,"label":"Addresses"},{"stat":0,"label":"Cities"},{"stat":0,"label":"Streets"},{"stat":0,"label":"Adms"},{"stat":0,"label":"Streets"},{"stat":-1,"label":"Pois:all"}],"CA":[{"stat":0,"label":"Streets"},{"stat":0,"label":"Streets"},{"stat":0,"label":"Addresses"},{"stat":0,"label":"Cities"},{"stat":0,"label":"Streets"},{"stat":0,"label":"Adms"},{"stat":0,"label":"Streets"},{"stat":-1,"label":"Pois:all"}],"SR":[{"stat":0,"label":"Streets"},{"stat":0,"label":"Streets"},{"stat":0,"label":"Addresses"},{"stat":0,"label":"Cities"},{"stat":0,"label":"Streets"},{"stat":0,"label":"Adms"},{"stat":0,"label":"Streets"},{"stat":-1,"label":"Pois:all"}],"CC":[{"stat":0,"label":"Streets"},{"stat":0,"label":"Streets"},{"stat":0,"label":"Addresses"},{"stat":0,"label":"Cities"},{"stat":0,"label":"Streets"},{"stat":0,"label":"Adms"},{"stat":0,"label":"Streets"},{"stat":-1,"label":"Pois:all"}],"SS":[{"stat":0,"label":"Streets"},{"stat":0,"label":"Streets"},{"stat":0,"label":"Addresses"},{"stat":0,"label":"Cities"},{"stat":0,"label":"Streets"},{"stat":0,"label":"Adms"},{"stat":0,"label":"Streets"},{"stat":-1,"label":"Pois:all"}],"CD":[{"stat":0,"label":"Streets"},{"stat":0,"label":"Streets"},{"stat":0,"label":"Addresses"},{"stat":0,"label":"Cities"},{"stat":0,"label":"Streets"},{"stat":0,"label":"Adms"},{"stat":0,"label":"Streets"},{"stat":-1,"label":"Pois:all"}],"ST":[{"stat":0,"label":"Streets"},{"stat":0,"label":"Streets"},{"stat":0,"label":"Addresses"},{"stat":0,"label":"Cities"},{"stat":0,"label":"Streets"},{"stat":0,"label":"Adms"},{"stat":0,"label":"Streets"},{"stat":-1,"label":"Pois:all"}],"CF":[{"stat":0,"label":"Streets"},{"stat":0,"label":"Streets"},{"stat":0,"label":"Addresses"},{"stat":0,"label":"Cities"},{"stat":0,"label":"Streets"},{"stat":0,"label":"Adms"},{"stat":0,"label":"Streets"},{"stat":-1,"label":"Pois:all"}],"SV":[{"stat":0,"label":"Streets"},{"stat":0,"label":"Streets"},{"stat":0,"label":"Addresses"},{"stat":0,"label":"Cities"},{"stat":0,"label":"Streets"},{"stat":0,"label":"Adms"},{"stat":0,"label":"Streets"},{"stat":-1,"label":"Pois:all"}],"CG":[{"stat":0,"label":"Streets"},{"stat":0,"label":"Streets"},{"stat":0,"label":"Addresses"},{"stat":0,"label":"Cities"},{"stat":0,"label":"Streets"},{"stat":0,"label":"Adms"},{"stat":0,"label":"Streets"},{"stat":-1,"label":"Pois:all"}],"CH":[{"stat":0,"label":"Streets"},{"stat":0,"label":"Streets"},{"stat":0,"label":"Addresses"},{"stat":0,"label":"Cities"},{"stat":0,"label":"Streets"},{"stat":0,"label":"Adms"},{"stat":0,"label":"Streets"},{"stat":-1,"label":"Pois:all"}],"SX":[{"stat":0,"label":"Streets"},{"stat":0,"label":"Streets"},{"stat":0,"label":"Addresses"},{"stat":0,"label":"Cities"},{"stat":0,"label":"Streets"},{"stat":0,"label":"Adms"},{"stat":0,"label":"Streets"},{"stat":-1,"label":"Pois:all"}],"CI":[{"stat":0,"label":"Streets"},{"stat":0,"label":"Streets"},{"stat":0,"label":"Addresses"},{"stat":0,"label":"Cities"},{"stat":0,"label":"Streets"},{"stat":0,"label":"Adms"},{"stat":0,"label":"Streets"},{"stat":-1,"label":"Pois:all"}],"SY":[{"stat":0,"label":"Streets"},{"stat":0,"label":"Streets"},{"stat":0,"label":"Addresses"},{"stat":0,"label":"Cities"},{"stat":0,"label":"Streets"},{"stat":0,"label":"Adms"},{"stat":0,"label":"Streets"},{"stat":-1,"label":"Pois:all"}],"SZ":[{"stat":0,"label":"Streets"},{"stat":0,"label":"Streets"},{"stat":0,"label":"Addresses"},{"stat":0,"label":"Cities"},{"stat":0,"label":"Streets"},{"stat":0,"label":"Adms"},{"stat":0,"label":"Streets"},{"stat":-1,"label":"Pois:all"}],"CK":[{"stat":0,"label":"Streets"},{"stat":0,"label":"Streets"},{"stat":0,"label":"Addresses"},{"stat":0,"label":"Cities"},{"stat":0,"label":"Streets"},{"stat":0,"label":"Adms"},{"stat":0,"label":"Streets"},{"stat":-1,"label":"Pois:all"}],"CL":[{"stat":0,"label":"Streets"},{"stat":0,"label":"Streets"},{"stat":0,"label":"Addresses"},{"stat":0,"label":"Cities"},{"stat":0,"label":"Streets"},{"stat":0,"label":"Adms"},{"stat":0,"label":"Streets"},{"stat":-1,"label":"Pois:all"}],"CM":[{"stat":0,"label":"Streets"},{"stat":0,"label":"Streets"},{"stat":0,"label":"Addresses"},{"stat":0,"label":"Cities"},{"stat":0,"label":"Streets"},{"stat":0,"label":"Adms"},{"stat":0,"label":"Streets"},{"stat":-1,"label":"Pois:all"}],"CN":[{"stat":0,"label":"Streets"},{"stat":0,"label":"Streets"},{"stat":0,"label":"Addresses"},{"stat":0,"label":"Cities"},{"stat":0,"label":"Streets"},{"stat":0,"label":"Adms"},{"stat":0,"label":"Streets"},{"stat":-1,"label":"Pois:all"}],"CO":[{"stat":0,"label":"Streets"},{"stat":0,"label":"Streets"},{"stat":0,"label":"Addresses"},{"stat":0,"label":"Cities"},{"stat":0,"label":"Streets"},{"stat":0,"label":"Adms"},{"stat":0,"label":"Streets"},{"stat":-1,"label":"Pois:all"}],"CR":[{"stat":0,"label":"Streets"},{"stat":0,"label":"Streets"},{"stat":0,"label":"Addresses"},{"stat":0,"label":"Cities"},{"stat":0,"label":"Streets"},{"stat":0,"label":"Adms"},{"stat":0,"label":"Streets"},{"stat":-1,"label":"Pois:all"}],"TC":[{"stat":0,"label":"Streets"},{"stat":0,"label":"Streets"},{"stat":0,"label":"Addresses"},{"stat":0,"label":"Cities"},{"stat":0,"label":"Streets"},{"stat":0,"label":"Adms"},{"stat":0,"label":"Streets"},{"stat":-1,"label":"Pois:all"}],"TD":[{"stat":0,"label":"Streets"},{"stat":0,"label":"Streets"},{"stat":0,"label":"Addresses"},{"stat":0,"label":"Cities"},{"stat":0,"label":"Streets"},{"stat":0,"label":"Adms"},{"stat":0,"label":"Streets"},{"stat":-1,"label":"Pois:all"}],"CU":[{"stat":0,"label":"Streets"},{"stat":0,"label":"Streets"},{"stat":0,"label":"Addresses"},{"stat":0,"label":"Cities"},{"stat":0,"label":"Streets"},{"stat":0,"label":"Adms"},{"stat":0,"label":"Streets"},{"stat":-1,"label":"Pois:all"}],"TF":[{"stat":0,"label":"Streets"},{"stat":0,"label":"Streets"},{"stat":0,"label":"Addresses"},{"stat":0,"label":"Cities"},{"stat":0,"label":"Streets"},{"stat":0,"label":"Adms"},{"stat":0,"label":"Streets"},{"stat":-1,"label":"Pois:all"}],"CV":[{"stat":0,"label":"Streets"},{"stat":0,"label":"Streets"},{"stat":0,"label":"Addresses"},{"stat":0,"label":"Cities"},{"stat":0,"label":"Streets"},{"stat":0,"label":"Adms"},{"stat":0,"label":"Streets"},{"stat":-1,"label":"Pois:all"}],"TG":[{"stat":0,"label":"Streets"},{"stat":0,"label":"Streets"},{"stat":0,"label":"Addresses"},{"stat":0,"label":"Cities"},{"stat":0,"label":"Streets"},{"stat":0,"label":"Adms"},{"stat":0,"label":"Streets"},{"stat":-1,"label":"Pois:all"}],"CW":[{"stat":0,"label":"Streets"},{"stat":0,"label":"Streets"},{"stat":0,"label":"Addresses"},{"stat":0,"label":"Cities"},{"stat":0,"label":"Streets"},{"stat":0,"label":"Adms"},{"stat":0,"label":"Streets"},{"stat":-1,"label":"Pois:all"}],"TH":[{"stat":0,"label":"Streets"},{"stat":0,"label":"Streets"},{"stat":0,"label":"Addresses"},{"stat":0,"label":"Cities"},{"stat":0,"label":"Streets"},{"stat":0,"label":"Adms"},{"stat":0,"label":"Streets"},{"stat":-1,"label":"Pois:all"}],"CX":[{"stat":0,"label":"Streets"},{"stat":0,"label":"Streets"},{"stat":0,"label":"Addresses"},{"stat":0,"label":"Cities"},{"stat":0,"label":"Streets"},{"stat":0,"label":"Adms"},{"stat":0,"label":"Streets"},{"stat":-1,"label":"Pois:all"}],"CY":[{"stat":0,"label":"Streets"},{"stat":0,"label":"Streets"},{"stat":0,"label":"Addresses"},{"stat":0,"label":"Cities"},{"stat":0,"label":"Streets"},{"stat":0,"label":"Adms"},{"stat":0,"label":"Streets"},{"stat":-1,"label":"Pois:all"}],"TJ":[{"stat":0,"label":"Streets"},{"stat":0,"label":"Streets"},{"stat":0,"label":"Addresses"},{"stat":0,"label":"Cities"},{"stat":0,"label":"Streets"},{"stat":0,"label":"Adms"},{"stat":0,"label":"Streets"},{"stat":-1,"label":"Pois:all"}],"CZ":[{"stat":0,"label":"Streets"},{"stat":0,"label":"Streets"},{"stat":0,"label":"Addresses"},{"stat":0,"label":"Cities"},{"stat":0,"label":"Streets"},{"stat":0,"label":"Adms"},{"stat":0,"label":"Streets"},{"stat":-1,"label":"Pois:all"}],"TK":[{"stat":0,"label":"Streets"},{"stat":0,"label":"Streets"},{"stat":0,"label":"Addresses"},{"stat":0,"label":"Cities"},{"stat":0,"label":"Streets"},{"stat":0,"label":"Adms"},{"stat":0,"label":"Streets"},{"stat":-1,"label":"Pois:all"}],"TL":[{"stat":0,"label":"Streets"},{"stat":0,"label":"Streets"},{"stat":0,"label":"Addresses"},{"stat":0,"label":"Cities"},{"stat":0,"label":"Streets"},{"stat":0,"label":"Adms"},{"stat":0,"label":"Streets"},{"stat":-1,"label":"Pois:all"}],"TM":[{"stat":0,"label":"Streets"},{"stat":0,"label":"Streets"},{"stat":0,"label":"Addresses"},{"stat":0,"label":"Cities"},{"stat":0,"label":"Streets"},{"stat":0,"label":"Adms"},{"stat":0,"label":"Streets"},{"stat":-1,"label":"Pois:all"}],"TN":[{"stat":0,"label":"Streets"},{"stat":0,"label":"Streets"},{"stat":0,"label":"Addresses"},{"stat":0,"label":"Cities"},{"stat":0,"label":"Streets"},{"stat":0,"label":"Adms"},{"stat":0,"label":"Streets"},{"stat":-1,"label":"Pois:all"}],"TO":[{"stat":0,"label":"Streets"},{"stat":0,"label":"Streets"},{"stat":0,"label":"Addresses"},{"stat":0,"label":"Cities"},{"stat":0,"label":"Streets"},{"stat":0,"label":"Adms"},{"stat":0,"label":"Streets"},{"stat":-1,"label":"Pois:all"}],"TR":[{"stat":0,"label":"Streets"},{"stat":0,"label":"Streets"},{"stat":0,"label":"Addresses"},{"stat":0,"label":"Cities"},{"stat":0,"label":"Streets"},{"stat":0,"label":"Adms"},{"stat":0,"label":"Streets"},{"stat":-1,"label":"Pois:all"}],"TT":[{"stat":0,"label":"Streets"},{"stat":0,"label":"Streets"},{"stat":0,"label":"Addresses"},{"stat":0,"label":"Cities"},{"stat":0,"label":"Streets"},{"stat":0,"label":"Adms"},{"stat":0,"label":"Streets"},{"stat":-1,"label":"Pois:all"}],"DE":[{"stat":0,"label":"Streets"},{"stat":0,"label":"Streets"},{"stat":0,"label":"Addresses"},{"stat":0,"label":"Cities"},{"stat":0,"label":"Streets"},{"stat":0,"label":"Adms"},{"stat":0,"label":"Streets"},{"stat":-1,"label":"Pois:all"}],"TV":[{"stat":0,"label":"Streets"},{"stat":0,"label":"Streets"},{"stat":0,"label":"Addresses"},{"stat":0,"label":"Cities"},{"stat":0,"label":"Streets"},{"stat":0,"label":"Adms"},{"stat":0,"label":"Streets"},{"stat":-1,"label":"Pois:all"}],"TW":[{"stat":0,"label":"Streets"},{"stat":0,"label":"Streets"},{"stat":0,"label":"Addresses"},{"stat":0,"label":"Cities"},{"stat":0,"label":"Streets"},{"stat":0,"label":"Adms"},{"stat":0,"label":"Streets"},{"stat":-1,"label":"Pois:all"}],"DJ":[{"stat":0,"label":"Streets"},{"stat":0,"label":"Streets"},{"stat":0,"label":"Addresses"},{"stat":0,"label":"Cities"},{"stat":0,"label":"Streets"},{"stat":0,"label":"Adms"},{"stat":0,"label":"Streets"},{"stat":-1,"label":"Pois:all"}],"TZ":[{"stat":0,"label":"Streets"},{"stat":0,"label":"Streets"},{"stat":0,"label":"Addresses"},{"stat":0,"label":"Cities"},{"stat":0,"label":"Streets"},{"stat":0,"label":"Adms"},{"stat":0,"label":"Streets"},{"stat":-1,"label":"Pois:all"}],"DK":[{"stat":0,"label":"Streets"},{"stat":0,"label":"Streets"},{"stat":0,"label":"Addresses"},{"stat":0,"label":"Cities"},{"stat":0,"label":"Streets"},{"stat":0,"label":"Adms"},{"stat":0,"label":"Streets"},{"stat":-1,"label":"Pois:all"}],"DM":[{"stat":0,"label":"Streets"},{"stat":0,"label":"Streets"},{"stat":0,"label":"Addresses"},{"stat":0,"label":"Cities"},{"stat":0,"label":"Streets"},{"stat":0,"label":"Adms"},{"stat":0,"label":"Streets"},{"stat":-1,"label":"Pois:all"}],"DO":[{"stat":0,"label":"Streets"},{"stat":0,"label":"Streets"},{"stat":0,"label":"Addresses"},{"stat":0,"label":"Cities"},{"stat":0,"label":"Streets"},{"stat":0,"label":"Adms"},{"stat":0,"label":"Streets"},{"stat":-1,"label":"Pois:all"}],"UA":[{"stat":0,"label":"Streets"},{"stat":0,"label":"Streets"},{"stat":0,"label":"Addresses"},{"stat":0,"label":"Cities"},{"stat":0,"label":"Streets"},{"stat":0,"label":"Adms"},{"stat":0,"label":"Streets"},{"stat":-1,"label":"Pois:all"}],"UG":[{"stat":0,"label":"Streets"},{"stat":0,"label":"Streets"},{"stat":0,"label":"Addresses"},{"stat":0,"label":"Cities"},{"stat":0,"label":"Streets"},{"stat":0,"label":"Adms"},{"stat":0,"label":"Streets"},{"stat":-1,"label":"Pois:all"}],"DZ":[{"stat":0,"label":"Streets"},{"stat":0,"label":"Streets"},{"stat":0,"label":"Addresses"},{"stat":0,"label":"Cities"},{"stat":0,"label":"Streets"},{"stat":0,"label":"Adms"},{"stat":0,"label":"Streets"},{"stat":-1,"label":"Pois:all"}],"UM":[{"stat":0,"label":"Streets"},{"stat":0,"label":"Streets"},{"stat":0,"label":"Addresses"},{"stat":0,"label":"Cities"},{"stat":0,"label":"Streets"},{"stat":0,"label":"Adms"},{"stat":0,"label":"Streets"},{"stat":-1,"label":"Pois:all"}],"EC":[{"stat":0,"label":"Streets"},{"stat":0,"label":"Streets"},{"stat":0,"label":"Addresses"},{"stat":0,"label":"Cities"},{"stat":0,"label":"Streets"},{"stat":0,"label":"Adms"},{"stat":0,"label":"Streets"},{"stat":-1,"label":"Pois:all"}],"US":[{"stat":0,"label":"Streets"},{"stat":0,"label":"Streets"},{"stat":0,"label":"Addresses"},{"stat":0,"label":"Cities"},{"stat":0,"label":"Streets"},{"stat":0,"label":"Adms"},{"stat":0,"label":"Streets"},{"stat":-1,"label":"Pois:all"}],"EE":[{"stat":0,"label":"Streets"},{"stat":0,"label":"Streets"},{"stat":0,"label":"Addresses"},{"stat":0,"label":"Cities"},{"stat":0,"label":"Streets"},{"stat":0,"label":"Adms"},{"stat":0,"label":"Streets"},{"stat":-1,"label":"Pois:all"}],"EG":[{"stat":0,"label":"Streets"},{"stat":0,"label":"Streets"},{"stat":0,"label":"Addresses"},{"stat":0,"label":"Cities"},{"stat":0,"label":"Streets"},{"stat":0,"label":"Adms"},{"stat":0,"label":"Streets"},{"stat":-1,"label":"Pois:all"}],"EH":[{"stat":0,"label":"Streets"},{"stat":0,"label":"Streets"},{"stat":0,"label":"Addresses"},{"stat":0,"label":"Cities"},{"stat":0,"label":"Streets"},{"stat":0,"label":"Adms"},{"stat":0,"label":"Streets"},{"stat":-1,"label":"Pois:all"}],"UY":[{"stat":0,"label":"Streets"},{"stat":0,"label":"Streets"},{"stat":0,"label":"Addresses"},{"stat":0,"label":"Cities"},{"stat":0,"label":"Streets"},{"stat":0,"label":"Adms"},{"stat":0,"label":"Streets"},{"stat":-1,"label":"Pois:all"}],"UZ":[{"stat":0,"label":"Streets"},{"stat":0,"label":"Streets"},{"stat":0,"label":"Addresses"},{"stat":0,"label":"Cities"},{"stat":0,"label":"Streets"},{"stat":0,"label":"Adms"},{"stat":0,"label":"Streets"},{"stat":-1,"label":"Pois:all"}],"VA":[{"stat":0,"label":"Streets"},{"stat":0,"label":"Streets"},{"stat":0,"label":"Addresses"},{"stat":0,"label":"Cities"},{"stat":0,"label":"Streets"},{"stat":0,"label":"Adms"},{"stat":0,"label":"Streets"},{"stat":-1,"label":"Pois:all"}],"ER":[{"stat":0,"label":"Streets"},{"stat":0,"label":"Streets"},{"stat":0,"label":"Addresses"},{"stat":0,"label":"Cities"},{"stat":0,"label":"Streets"},{"stat":0,"label":"Adms"},{"stat":0,"label":"Streets"},{"stat":-1,"label":"Pois:all"}],"VC":[{"stat":0,"label":"Streets"},{"stat":0,"label":"Streets"},{"stat":0,"label":"Addresses"},{"stat":0,"label":"Cities"},{"stat":0,"label":"Streets"},{"stat":0,"label":"Adms"},{"stat":0,"label":"Streets"},{"stat":-1,"label":"Pois:all"}],"ES":[{"stat":0,"label":"Streets"},{"stat":0,"label":"Streets"},{"stat":0,"label":"Addresses"},{"stat":0,"label":"Cities"},{"stat":0,"label":"Streets"},{"stat":0,"label":"Adms"},{"stat":0,"label":"Streets"},{"stat":-1,"label":"Pois:all"}],"ET":[{"stat":0,"label":"Streets"},{"stat":0,"label":"Streets"},{"stat":0,"label":"Addresses"},{"stat":0,"label":"Cities"},{"stat":0,"label":"Streets"},{"stat":0,"label":"Adms"},{"stat":0,"label":"Streets"},{"stat":-1,"label":"Pois:all"}],"VE":[{"stat":0,"label":"Streets"},{"stat":0,"label":"Streets"},{"stat":0,"label":"Addresses"},{"stat":0,"label":"Cities"},{"stat":0,"label":"Streets"},{"stat":0,"label":"Adms"},{"stat":0,"label":"Streets"},{"stat":-1,"label":"Pois:all"}],"VG":[{"stat":0,"label":"Streets"},{"stat":0,"label":"Streets"},{"stat":0,"label":"Addresses"},{"stat":0,"label":"Cities"},{"stat":0,"label":"Streets"},{"stat":0,"label":"Adms"},{"stat":0,"label":"Streets"},{"stat":-1,"label":"Pois:all"}],"VI":[{"stat":0,"label":"Streets"},{"stat":0,"label":"Streets"},{"stat":0,"label":"Addresses"},{"stat":0,"label":"Cities"},{"stat":0,"label":"Streets"},{"stat":0,"label":"Adms"},{"stat":0,"label":"Streets"},{"stat":-1,"label":"Pois:all"}],"VN":[{"stat":0,"label":"Streets"},{"stat":0,"label":"Streets"},{"stat":0,"label":"Addresses"},{"stat":0,"label":"Cities"},{"stat":0,"label":"Streets"},{"stat":0,"label":"Adms"},{"stat":0,"label":"Streets"},{"stat":-1,"label":"Pois:all"}],"VU":[{"stat":0,"label":"Streets"},{"stat":0,"label":"Streets"},{"stat":0,"label":"Addresses"},{"stat":0,"label":"Cities"},{"stat":0,"label":"Streets"},{"stat":0,"label":"Adms"},{"stat":0,"label":"Streets"},{"stat":-1,"label":"Pois:all"}],"FI":[{"stat":0,"label":"Streets"},{"stat":0,"label":"Streets"},{"stat":0,"label":"Addresses"},{"stat":0,"label":"Cities"},{"stat":0,"label":"Streets"},{"stat":0,"label":"Adms"},{"stat":0,"label":"Streets"},{"stat":-1,"label":"Pois:all"}],"FJ":[{"stat":0,"label":"Streets"},{"stat":0,"label":"Streets"},{"stat":0,"label":"Addresses"},{"stat":0,"label":"Cities"},{"stat":0,"label":"Streets"},{"stat":0,"label":"Adms"},{"stat":0,"label":"Streets"},{"stat":-1,"label":"Pois:all"}],"FK":[{"stat":0,"label":"Streets"},{"stat":0,"label":"Streets"},{"stat":0,"label":"Addresses"},{"stat":0,"label":"Cities"},{"stat":0,"label":"Streets"},{"stat":0,"label":"Adms"},{"stat":0,"label":"Streets"},{"stat":-1,"label":"Pois:all"}],"FM":[{"stat":0,"label":"Streets"},{"stat":0,"label":"Streets"},{"stat":0,"label":"Addresses"},{"stat":0,"label":"Cities"},{"stat":0,"label":"Streets"},{"stat":0,"label":"Adms"},{"stat":0,"label":"Streets"},{"stat":-1,"label":"Pois:all"}],"FO":[{"stat":0,"label":"Streets"},{"stat":0,"label":"Streets"},{"stat":0,"label":"Addresses"},{"stat":0,"label":"Cities"},{"stat":0,"label":"Streets"},{"stat":0,"label":"Adms"},{"stat":0,"label":"Streets"},{"stat":-1,"label":"Pois:all"}],"FR":[{"stat":0,"label":"Streets"},{"stat":0,"label":"Streets"},{"stat":0,"label":"Addresses"},{"stat":0,"label":"Cities"},{"stat":0,"label":"Streets"},{"stat":0,"label":"Adms"},{"stat":0,"label":"Streets"},{"stat":-1,"label":"Pois:all"}],"WF":[{"stat":0,"label":"Streets"},{"stat":0,"label":"Streets"},{"stat":0,"label":"Addresses"},{"stat":0,"label":"Cities"},{"stat":0,"label":"Streets"},{"stat":0,"label":"Adms"},{"stat":0,"label":"Streets"},{"stat":-1,"label":"Pois:all"}],"GA":[{"stat":0,"label":"Streets"},{"stat":0,"label":"Streets"},{"stat":0,"label":"Addresses"},{"stat":0,"label":"Cities"},{"stat":0,"label":"Streets"},{"stat":0,"label":"Adms"},{"stat":0,"label":"Streets"},{"stat":-1,"label":"Pois:all"}],"GB":[{"stat":0,"label":"Streets"},{"stat":0,"label":"Streets"},{"stat":0,"label":"Addresses"},{"stat":0,"label":"Cities"},{"stat":0,"label":"Streets"},{"stat":0,"label":"Adms"},{"stat":0,"label":"Streets"},{"stat":-1,"label":"Pois:all"}],"WS":[{"stat":0,"label":"Streets"},{"stat":0,"label":"Streets"},{"stat":0,"label":"Addresses"},{"stat":0,"label":"Cities"},{"stat":0,"label":"Streets"},{"stat":0,"label":"Adms"},{"stat":0,"label":"Streets"},{"stat":-1,"label":"Pois:all"}],"GD":[{"stat":0,"label":"Streets"},{"stat":0,"label":"Streets"},{"stat":0,"label":"Addresses"},{"stat":0,"label":"Cities"},{"stat":0,"label":"Streets"},{"stat":0,"label":"Adms"},{"stat":0,"label":"Streets"},{"stat":-1,"label":"Pois:all"}],"GE":[{"stat":0,"label":"Streets"},{"stat":0,"label":"Streets"},{"stat":0,"label":"Addresses"},{"stat":0,"label":"Cities"},{"stat":0,"label":"Streets"},{"stat":0,"label":"Adms"},{"stat":0,"label":"Streets"},{"stat":-1,"label":"Pois:all"}],"GF":[{"stat":0,"label":"Streets"},{"stat":0,"label":"Streets"},{"stat":0,"label":"Addresses"},{"stat":0,"label":"Cities"},{"stat":0,"label":"Streets"},{"stat":0,"label":"Adms"},{"stat":0,"label":"Streets"},{"stat":-1,"label":"Pois:all"}],"GG":[{"stat":0,"label":"Streets"},{"stat":0,"label":"Streets"},{"stat":0,"label":"Addresses"},{"stat":0,"label":"Cities"},{"stat":0,"label":"Streets"},{"stat":0,"label":"Adms"},{"stat":0,"label":"Streets"},{"stat":-1,"label":"Pois:all"}],"GH":[{"stat":0,"label":"Streets"},{"stat":0,"label":"Streets"},{"stat":0,"label":"Addresses"},{"stat":0,"label":"Cities"},{"stat":0,"label":"Streets"},{"stat":0,"label":"Adms"},{"stat":0,"label":"Streets"},{"stat":-1,"label":"Pois:all"}],"GI":[{"stat":0,"label":"Streets"},{"stat":0,"label":"Streets"},{"stat":0,"label":"Addresses"},{"stat":0,"label":"Cities"},{"stat":0,"label":"Streets"},{"stat":0,"label":"Adms"},{"stat":0,"label":"Streets"},{"stat":-1,"label":"Pois:all"}],"GL":[{"stat":0,"label":"Streets"},{"stat":0,"label":"Streets"},{"stat":0,"label":"Addresses"},{"stat":0,"label":"Cities"},{"stat":0,"label":"Streets"},{"stat":0,"label":"Adms"},{"stat":0,"label":"Streets"},{"stat":-1,"label":"Pois:all"}],"GM":[{"stat":0,"label":"Streets"},{"stat":0,"label":"Streets"},{"stat":0,"label":"Addresses"},{"stat":0,"label":"Cities"},{"stat":0,"label":"Streets"},{"stat":0,"label":"Adms"},{"stat":0,"label":"Streets"},{"stat":-1,"label":"Pois:all"}],"GN":[{"stat":0,"label":"Streets"},{"stat":0,"label":"Streets"},{"stat":0,"label":"Addresses"},{"stat":0,"label":"Cities"},{"stat":0,"label":"Streets"},{"stat":0,"label":"Adms"},{"stat":0,"label":"Streets"},{"stat":-1,"label":"Pois:all"}],"GP":[{"stat":0,"label":"Streets"},{"stat":0,"label":"Streets"},{"stat":0,"label":"Addresses"},{"stat":0,"label":"Cities"},{"stat":0,"label":"Streets"},{"stat":0,"label":"Adms"},{"stat":0,"label":"Streets"},{"stat":-1,"label":"Pois:all"}],"GQ":[{"stat":0,"label":"Streets"},{"stat":0,"label":"Streets"},{"stat":0,"label":"Addresses"},{"stat":0,"label":"Cities"},{"stat":0,"label":"Streets"},{"stat":0,"label":"Adms"},{"stat":0,"label":"Streets"},{"stat":-1,"label":"Pois:all"}],"GR":[{"stat":0,"label":"Streets"},{"stat":0,"label":"Streets"},{"stat":0,"label":"Addresses"},{"stat":0,"label":"Cities"},{"stat":0,"label":"Streets"},{"stat":0,"label":"Adms"},{"stat":0,"label":"Streets"},{"stat":-1,"label":"Pois:all"}],"GS":[{"stat":0,"label":"Streets"},{"stat":0,"label":"Streets"},{"stat":0,"label":"Addresses"},{"stat":0,"label":"Cities"},{"stat":0,"label":"Streets"},{"stat":0,"label":"Adms"},{"stat":0,"label":"Streets"},{"stat":-1,"label":"Pois:all"}],"GT":[{"stat":0,"label":"Streets"},{"stat":0,"label":"Streets"},{"stat":0,"label":"Addresses"},{"stat":0,"label":"Cities"},{"stat":0,"label":"Streets"},{"stat":0,"label":"Adms"},{"stat":0,"label":"Streets"},{"stat":-1,"label":"Pois:all"}],"GU":[{"stat":0,"label":"Streets"},{"stat":0,"label":"Streets"},{"stat":0,"label":"Addresses"},{"stat":0,"label":"Cities"},{"stat":0,"label":"Streets"},{"stat":0,"label":"Adms"},{"stat":0,"label":"Streets"},{"stat":-1,"label":"Pois:all"}],"GW":[{"stat":0,"label":"Streets"},{"stat":0,"label":"Streets"},{"stat":0,"label":"Addresses"},{"stat":0,"label":"Cities"},{"stat":0,"label":"Streets"},{"stat":0,"label":"Adms"},{"stat":0,"label":"Streets"},{"stat":-1,"label":"Pois:all"}],"GY":[{"stat":0,"label":"Streets"},{"stat":0,"label":"Streets"},{"stat":0,"label":"Addresses"},{"stat":0,"label":"Cities"},{"stat":0,"label":"Streets"},{"stat":0,"label":"Adms"},{"stat":0,"label":"Streets"},{"stat":-1,"label":"Pois:all"}],"XK":[{"stat":0,"label":"Streets"},{"stat":0,"label":"Streets"},{"stat":0,"label":"Addresses"},{"stat":0,"label":"Cities"},{"stat":0,"label":"Streets"},{"stat":0,"label":"Adms"},{"stat":0,"label":"Streets"},{"stat":-1,"label":"Pois:all"}],"HK":[{"stat":0,"label":"Streets"},{"stat":0,"label":"Streets"},{"stat":0,"label":"Addresses"},{"stat":0,"label":"Cities"},{"stat":0,"label":"Streets"},{"stat":0,"label":"Adms"},{"stat":0,"label":"Streets"},{"stat":-1,"label":"Pois:all"}],"HM":[{"stat":0,"label":"Streets"},{"stat":0,"label":"Streets"},{"stat":0,"label":"Addresses"},{"stat":0,"label":"Cities"},{"stat":0,"label":"Streets"},{"stat":0,"label":"Adms"},{"stat":0,"label":"Streets"},{"stat":-1,"label":"Pois:all"}],"HN":[{"stat":0,"label":"Streets"},{"stat":0,"label":"Streets"},{"stat":0,"label":"Addresses"},{"stat":0,"label":"Cities"},{"stat":0,"label":"Streets"},{"stat":0,"label":"Adms"},{"stat":0,"label":"Streets"},{"stat":-1,"label":"Pois:all"}],"HR":[{"stat":0,"label":"Streets"},{"stat":0,"label":"Streets"},{"stat":0,"label":"Addresses"},{"stat":0,"label":"Cities"},{"stat":0,"label":"Streets"},{"stat":0,"label":"Adms"},{"stat":0,"label":"Streets"},{"stat":-1,"label":"Pois:all"}],"HT":[{"stat":0,"label":"Streets"},{"stat":0,"label":"Streets"},{"stat":0,"label":"Addresses"},{"stat":0,"label":"Cities"},{"stat":0,"label":"Streets"},{"stat":0,"label":"Adms"},{"stat":0,"label":"Streets"},{"stat":-1,"label":"Pois:all"}],"YE":[{"stat":0,"label":"Streets"},{"stat":0,"label":"Streets"},{"stat":0,"label":"Addresses"},{"stat":0,"label":"Cities"},{"stat":0,"label":"Streets"},{"stat":0,"label":"Adms"},{"stat":0,"label":"Streets"},{"stat":-1,"label":"Pois:all"}],"HU":[{"stat":0,"label":"Streets"},{"stat":0,"label":"Streets"},{"stat":0,"label":"Addresses"},{"stat":0,"label":"Cities"},{"stat":0,"label":"Streets"},{"stat":0,"label":"Adms"},{"stat":0,"label":"Streets"},{"stat":-1,"label":"Pois:all"}],"ID":[{"stat":0,"label":"Streets"},{"stat":0,"label":"Streets"},{"stat":0,"label":"Addresses"},{"stat":0,"label":"Cities"},{"stat":0,"label":"Streets"},{"stat":0,"label":"Adms"},{"stat":0,"label":"Streets"},{"stat":-1,"label":"Pois:all"}],"YT":[{"stat":0,"label":"Streets"},{"stat":0,"label":"Streets"},{"stat":0,"label":"Addresses"},{"stat":0,"label":"Cities"},{"stat":0,"label":"Streets"},{"stat":0,"label":"Adms"},{"stat":0,"label":"Streets"},{"stat":-1,"label":"Pois:all"}],"IE":[{"stat":0,"label":"Streets"},{"stat":0,"label":"Streets"},{"stat":0,"label":"Addresses"},{"stat":0,"label":"Cities"},{"stat":0,"label":"Streets"},{"stat":0,"label":"Adms"},{"stat":0,"label":"Streets"},{"stat":-1,"label":"Pois:all"}],"IL":[{"stat":0,"label":"Streets"},{"stat":0,"label":"Streets"},{"stat":0,"label":"Addresses"},{"stat":0,"label":"Cities"},{"stat":0,"label":"Streets"},{"stat":0,"label":"Adms"},{"stat":0,"label":"Streets"},{"stat":-1,"label":"Pois:all"}],"IM":[{"stat":0,"label":"Streets"},{"stat":0,"label":"Streets"},{"stat":0,"label":"Addresses"},{"stat":0,"label":"Cities"},{"stat":0,"label":"Streets"},{"stat":0,"label":"Adms"},{"stat":0,"label":"Streets"},{"stat":-1,"label":"Pois:all"}],"IN":[{"stat":0,"label":"Streets"},{"stat":0,"label":"Streets"},{"stat":0,"label":"Addresses"},{"stat":0,"label":"Cities"},{"stat":0,"label":"Streets"},{"stat":0,"label":"Adms"},{"stat":0,"label":"Streets"},{"stat":-1,"label":"Pois:all"}],"IO":[{"stat":0,"label":"Streets"},{"stat":0,"label":"Streets"},{"stat":0,"label":"Addresses"},{"stat":0,"label":"Cities"},{"stat":0,"label":"Streets"},{"stat":0,"label":"Adms"},{"stat":0,"label":"Streets"},{"stat":-1,"label":"Pois:all"}],"ZA":[{"stat":0,"label":"Streets"},{"stat":0,"label":"Streets"},{"stat":0,"label":"Addresses"},{"stat":0,"label":"Cities"},{"stat":0,"label":"Streets"},{"stat":0,"label":"Adms"},{"stat":0,"label":"Streets"},{"stat":-1,"label":"Pois:all"}],"IQ":[{"stat":0,"label":"Streets"},{"stat":0,"label":"Streets"},{"stat":0,"label":"Addresses"},{"stat":0,"label":"Cities"},{"stat":0,"label":"Streets"},{"stat":0,"label":"Adms"},{"stat":0,"label":"Streets"},{"stat":-1,"label":"Pois:all"}],"IR":[{"stat":0,"label":"Streets"},{"stat":0,"label":"Streets"},{"stat":0,"label":"Addresses"},{"stat":0,"label":"Cities"},{"stat":0,"label":"Streets"},{"stat":0,"label":"Adms"},{"stat":0,"label":"Streets"},{"stat":-1,"label":"Pois:all"}],"IS":[{"stat":0,"label":"Streets"},{"stat":0,"label":"Streets"},{"stat":0,"label":"Addresses"},{"stat":0,"label":"Cities"},{"stat":0,"label":"Streets"},{"stat":0,"label":"Adms"},{"stat":0,"label":"Streets"},{"stat":-1,"label":"Pois:all"}],"IT":[{"stat":0,"label":"Streets"},{"stat":0,"label":"Streets"},{"stat":0,"label":"Addresses"},{"stat":0,"label":"Cities"},{"stat":0,"label":"Streets"},{"stat":0,"label":"Adms"},{"stat":0,"label":"Streets"},{"stat":-1,"label":"Pois:all"}],"ZM":[{"stat":0,"label":"Streets"},{"stat":0,"label":"Streets"},{"stat":0,"label":"Addresses"},{"stat":0,"label":"Cities"},{"stat":0,"label":"Streets"},{"stat":0,"label":"Adms"},{"stat":0,"label":"Streets"},{"stat":-1,"label":"Pois:all"}],"JE":[{"stat":0,"label":"Streets"},{"stat":0,"label":"Streets"},{"stat":0,"label":"Addresses"},{"stat":0,"label":"Cities"},{"stat":0,"label":"Streets"},{"stat":0,"label":"Adms"},{"stat":0,"label":"Streets"},{"stat":-1,"label":"Pois:all"}],"ZW":[{"stat":0,"label":"Streets"},{"stat":0,"label":"Streets"},{"stat":0,"label":"Addresses"},{"stat":0,"label":"Cities"},{"stat":0,"label":"Streets"},{"stat":0,"label":"Adms"},{"stat":0,"label":"Streets"},{"stat":-1,"label":"Pois:all"}],"JM":[{"stat":0,"label":"Streets"},{"stat":0,"label":"Streets"},{"stat":0,"label":"Addresses"},{"stat":0,"label":"Cities"},{"stat":0,"label":"Streets"},{"stat":0,"label":"Adms"},{"stat":0,"label":"Streets"},{"stat":-1,"label":"Pois:all"}],"JO":[{"stat":0,"label":"Streets"},{"stat":0,"label":"Streets"},{"stat":0,"label":"Addresses"},{"stat":0,"label":"Cities"},{"stat":0,"label":"Streets"},{"stat":0,"label":"Adms"},{"stat":0,"label":"Streets"},{"stat":-1,"label":"Pois:all"}],"JP":[{"stat":0,"label":"Streets"},{"stat":0,"label":"Streets"},{"stat":0,"label":"Addresses"},{"stat":0,"label":"Cities"},{"stat":0,"label":"Streets"},{"stat":0,"label":"Adms"},{"stat":0,"label":"Streets"},{"stat":-1,"label":"Pois:all"}],"KE":[{"stat":0,"label":"Streets"},{"stat":0,"label":"Streets"},{"stat":0,"label":"Addresses"},{"stat":0,"label":"Cities"},{"stat":0,"label":"Streets"},{"stat":0,"label":"Adms"},{"stat":0,"label":"Streets"},{"stat":-1,"label":"Pois:all"}],"KG":[{"stat":0,"label":"Streets"},{"stat":0,"label":"Streets"},{"stat":0,"label":"Addresses"},{"stat":0,"label":"Cities"},{"stat":0,"label":"Streets"},{"stat":0,"label":"Adms"},{"stat":0,"label":"Streets"},{"stat":-1,"label":"Pois:all"}],"KH":[{"stat":0,"label":"Streets"},{"stat":0,"label":"Streets"},{"stat":0,"label":"Addresses"},{"stat":0,"label":"Cities"},{"stat":0,"label":"Streets"},{"stat":0,"label":"Adms"},{"stat":0,"label":"Streets"},{"stat":-1,"label":"Pois:all"}],"KI":[{"stat":0,"label":"Streets"},{"stat":0,"label":"Streets"},{"stat":0,"label":"Addresses"},{"stat":0,"label":"Cities"},{"stat":0,"label":"Streets"},{"stat":0,"label":"Adms"},{"stat":0,"label":"Streets"},{"stat":-1,"label":"Pois:all"}],"KM":[{"stat":0,"label":"Streets"},{"stat":0,"label":"Streets"},{"stat":0,"label":"Addresses"},{"stat":0,"label":"Cities"},{"stat":0,"label":"Streets"},{"stat":0,"label":"Adms"},{"stat":0,"label":"Streets"},{"stat":-1,"label":"Pois:all"}],"KN":[{"stat":0,"label":"Streets"},{"stat":0,"label":"Streets"},{"stat":0,"label":"Addresses"},{"stat":0,"label":"Cities"},{"stat":0,"label":"Streets"},{"stat":0,"label":"Adms"},{"stat":0,"label":"Streets"},{"stat":-1,"label":"Pois:all"}],"KP":[{"stat":0,"label":"Streets"},{"stat":0,"label":"Streets"},{"stat":0,"label":"Addresses"},{"stat":0,"label":"Cities"},{"stat":0,"label":"Streets"},{"stat":0,"label":"Adms"},{"stat":0,"label":"Streets"},{"stat":-1,"label":"Pois:all"}],"KR":[{"stat":0,"label":"Streets"},{"stat":0,"label":"Streets"},{"stat":0,"label":"Addresses"},{"stat":0,"label":"Cities"},{"stat":0,"label":"Streets"},{"stat":0,"label":"Adms"},{"stat":0,"label":"Streets"},{"stat":-1,"label":"Pois:all"}],"KW":[{"stat":0,"label":"Streets"},{"stat":0,"label":"Streets"},{"stat":0,"label":"Addresses"},{"stat":0,"label":"Cities"},{"stat":0,"label":"Streets"},{"stat":0,"label":"Adms"},{"stat":0,"label":"Streets"},{"stat":-1,"label":"Pois:all"}],"KY":[{"stat":0,"label":"Streets"},{"stat":0,"label":"Streets"},{"stat":0,"label":"Addresses"},{"stat":0,"label":"Cities"},{"stat":0,"label":"Streets"},{"stat":0,"label":"Adms"},{"stat":0,"label":"Streets"},{"stat":-1,"label":"Pois:all"}],"KZ":[{"stat":0,"label":"Streets"},{"stat":0,"label":"Streets"},{"stat":0,"label":"Addresses"},{"stat":0,"label":"Cities"},{"stat":0,"label":"Streets"},{"stat":0,"label":"Adms"},{"stat":0,"label":"Streets"},{"stat":-1,"label":"Pois:all"}],"LA":[{"stat":0,"label":"Streets"},{"stat":0,"label":"Streets"},{"stat":0,"label":"Addresses"},{"stat":0,"label":"Cities"},{"stat":0,"label":"Streets"},{"stat":0,"label":"Adms"},{"stat":0,"label":"Streets"},{"stat":-1,"label":"Pois:all"}],"LB":[{"stat":0,"label":"Streets"},{"stat":0,"label":"Streets"},{"stat":0,"label":"Addresses"},{"stat":0,"label":"Cities"},{"stat":0,"label":"Streets"},{"stat":0,"label":"Adms"},{"stat":0,"label":"Streets"},{"stat":-1,"label":"Pois:all"}],"LC":[{"stat":0,"label":"Streets"},{"stat":0,"label":"Streets"},{"stat":0,"label":"Addresses"},{"stat":0,"label":"Cities"},{"stat":0,"label":"Streets"},{"stat":0,"label":"Adms"},{"stat":0,"label":"Streets"},{"stat":-1,"label":"Pois:all"}],"LI":[{"stat":0,"label":"Streets"},{"stat":0,"label":"Streets"},{"stat":0,"label":"Addresses"},{"stat":0,"label":"Cities"},{"stat":0,"label":"Streets"},{"stat":0,"label":"Adms"},{"stat":0,"label":"Streets"},{"stat":-1,"label":"Pois:all"}],"LK":[{"stat":0,"label":"Streets"},{"stat":0,"label":"Streets"},{"stat":0,"label":"Addresses"},{"stat":0,"label":"Cities"},{"stat":0,"label":"Streets"},{"stat":0,"label":"Adms"},{"stat":0,"label":"Streets"},{"stat":-1,"label":"Pois:all"}],"LR":[{"stat":0,"label":"Streets"},{"stat":0,"label":"Streets"},{"stat":0,"label":"Addresses"},{"stat":0,"label":"Cities"},{"stat":0,"label":"Streets"},{"stat":0,"label":"Adms"},{"stat":0,"label":"Streets"},{"stat":-1,"label":"Pois:all"}],"LS":[{"stat":0,"label":"Streets"},{"stat":0,"label":"Streets"},{"stat":0,"label":"Addresses"},{"stat":0,"label":"Cities"},{"stat":0,"label":"Streets"},{"stat":0,"label":"Adms"},{"stat":0,"label":"Streets"},{"stat":-1,"label":"Pois:all"}],"LT":[{"stat":0,"label":"Streets"},{"stat":0,"label":"Streets"},{"stat":0,"label":"Addresses"},{"stat":0,"label":"Cities"},{"stat":0,"label":"Streets"},{"stat":0,"label":"Adms"},{"stat":0,"label":"Streets"},{"stat":-1,"label":"Pois:all"}],"LU":[{"stat":0,"label":"Streets"},{"stat":0,"label":"Streets"},{"stat":0,"label":"Addresses"},{"stat":0,"label":"Cities"},{"stat":0,"label":"Streets"},{"stat":0,"label":"Adms"},{"stat":0,"label":"Streets"},{"stat":-1,"label":"Pois:all"}],"LV":[{"stat":0,"label":"Streets"},{"stat":0,"label":"Streets"},{"stat":0,"label":"Addresses"},{"stat":0,"label":"Cities"},{"stat":0,"label":"Streets"},{"stat":0,"label":"Adms"},{"stat":0,"label":"Streets"},{"stat":-1,"label":"Pois:all"}],"LY":[{"stat":0,"label":"Streets"},{"stat":0,"label":"Streets"},{"stat":0,"label":"Addresses"},{"stat":0,"label":"Cities"},{"stat":0,"label":"Streets"},{"stat":0,"label":"Adms"},{"stat":0,"label":"Streets"},{"stat":-1,"label":"Pois:all"}],"MA":[{"stat":0,"label":"Streets"},{"stat":0,"label":"Streets"},{"stat":0,"label":"Addresses"},{"stat":0,"label":"Cities"},{"stat":0,"label":"Streets"},{"stat":0,"label":"Adms"},{"stat":0,"label":"Streets"},{"stat":-1,"label":"Pois:all"}],"MC":[{"stat":0,"label":"Streets"},{"stat":0,"label":"Streets"},{"stat":0,"label":"Addresses"},{"stat":0,"label":"Cities"},{"stat":0,"label":"Streets"},{"stat":0,"label":"Adms"},{"stat":0,"label":"Streets"},{"stat":-1,"label":"Pois:all"}],"MD":[{"stat":0,"label":"Streets"},{"stat":0,"label":"Streets"},{"stat":0,"label":"Addresses"},{"stat":0,"label":"Cities"},{"stat":0,"label":"Streets"},{"stat":0,"label":"Adms"},{"stat":0,"label":"Streets"},{"stat":-1,"label":"Pois:all"}],"ME":[{"stat":0,"label":"Streets"},{"stat":0,"label":"Streets"},{"stat":0,"label":"Addresses"},{"stat":0,"label":"Cities"},{"stat":0,"label":"Streets"},{"stat":0,"label":"Adms"},{"stat":0,"label":"Streets"},{"stat":-1,"label":"Pois:all"}],"MF":[{"stat":0,"label":"Streets"},{"stat":0,"label":"Streets"},{"stat":0,"label":"Addresses"},{"stat":0,"label":"Cities"},{"stat":0,"label":"Streets"},{"stat":0,"label":"Adms"},{"stat":0,"label":"Streets"},{"stat":-1,"label":"Pois:all"}],"MG":[{"stat":0,"label":"Streets"},{"stat":0,"label":"Streets"},{"stat":0,"label":"Addresses"},{"stat":0,"label":"Cities"},{"stat":0,"label":"Streets"},{"stat":0,"label":"Adms"},{"stat":0,"label":"Streets"},{"stat":-1,"label":"Pois:all"}],"MH":[{"stat":0,"label":"Streets"},{"stat":0,"label":"Streets"},{"stat":0,"label":"Addresses"},{"stat":0,"label":"Cities"},{"stat":0,"label":"Streets"},{"stat":0,"label":"Adms"},{"stat":0,"label":"Streets"},{"stat":-1,"label":"Pois:all"}],"MK":[{"stat":0,"label":"Streets"},{"stat":0,"label":"Streets"},{"stat":0,"label":"Addresses"},{"stat":0,"label":"Cities"},{"stat":0,"label":"Streets"},{"stat":0,"label":"Adms"},{"stat":0,"label":"Streets"},{"stat":-1,"label":"Pois:all"}],"ML":[{"stat":0,"label":"Streets"},{"stat":0,"label":"Streets"},{"stat":0,"label":"Addresses"},{"stat":0,"label":"Cities"},{"stat":0,"label":"Streets"},{"stat":0,"label":"Adms"},{"stat":0,"label":"Streets"},{"stat":-1,"label":"Pois:all"}],"MM":[{"stat":0,"label":"Streets"},{"stat":0,"label":"Streets"},{"stat":0,"label":"Addresses"},{"stat":0,"label":"Cities"},{"stat":0,"label":"Streets"},{"stat":0,"label":"Adms"},{"stat":0,"label":"Streets"},{"stat":-1,"label":"Pois:all"}],"MN":[{"stat":0,"label":"Streets"},{"stat":0,"label":"Streets"},{"stat":0,"label":"Addresses"},{"stat":0,"label":"Cities"},{"stat":0,"label":"Streets"},{"stat":0,"label":"Adms"},{"stat":0,"label":"Streets"},{"stat":-1,"label":"Pois:all"}],"MO":[{"stat":0,"label":"Streets"},{"stat":0,"label":"Streets"},{"stat":0,"label":"Addresses"},{"stat":0,"label":"Cities"},{"stat":0,"label":"Streets"},{"stat":0,"label":"Adms"},{"stat":0,"label":"Streets"},{"stat":-1,"label":"Pois:all"}],"MP":[{"stat":0,"label":"Streets"},{"stat":0,"label":"Streets"},{"stat":0,"label":"Addresses"},{"stat":0,"label":"Cities"},{"stat":0,"label":"Streets"},{"stat":0,"label":"Adms"},{"stat":0,"label":"Streets"},{"stat":-1,"label":"Pois:all"}],"MQ":[{"stat":0,"label":"Streets"},{"stat":0,"label":"Streets"},{"stat":0,"label":"Addresses"},{"stat":0,"label":"Cities"},{"stat":0,"label":"Streets"},{"stat":0,"label":"Adms"},{"stat":0,"label":"Streets"},{"stat":-1,"label":"Pois:all"}],"MR":[{"stat":0,"label":"Streets"},{"stat":0,"label":"Streets"},{"stat":0,"label":"Addresses"},{"stat":0,"label":"Cities"},{"stat":0,"label":"Streets"},{"stat":0,"label":"Adms"},{"stat":0,"label":"Streets"},{"stat":-1,"label":"Pois:all"}],"MS":[{"stat":0,"label":"Streets"},{"stat":0,"label":"Streets"},{"stat":0,"label":"Addresses"},{"stat":0,"label":"Cities"},{"stat":0,"label":"Streets"},{"stat":0,"label":"Adms"},{"stat":0,"label":"Streets"},{"stat":-1,"label":"Pois:all"}],"MT":[{"stat":0,"label":"Streets"},{"stat":0,"label":"Streets"},{"stat":0,"label":"Addresses"},{"stat":0,"label":"Cities"},{"stat":0,"label":"Streets"},{"stat":0,"label":"Adms"},{"stat":0,"label":"Streets"},{"stat":-1,"label":"Pois:all"}],"MU":[{"stat":0,"label":"Streets"},{"stat":0,"label":"Streets"},{"stat":0,"label":"Addresses"},{"stat":0,"label":"Cities"},{"stat":0,"label":"Streets"},{"stat":0,"label":"Adms"},{"stat":0,"label":"Streets"},{"stat":-1,"label":"Pois:all"}],"MV":[{"stat":0,"label":"Streets"},{"stat":0,"label":"Streets"},{"stat":0,"label":"Addresses"},{"stat":0,"label":"Cities"},{"stat":0,"label":"Streets"},{"stat":0,"label":"Adms"},{"stat":0,"label":"Streets"},{"stat":-1,"label":"Pois:all"}],"MW":[{"stat":0,"label":"Streets"},{"stat":0,"label":"Streets"},{"stat":0,"label":"Addresses"},{"stat":0,"label":"Cities"},{"stat":0,"label":"Streets"},{"stat":0,"label":"Adms"},{"stat":0,"label":"Streets"},{"stat":-1,"label":"Pois:all"}],"MX":[{"stat":0,"label":"Streets"},{"stat":0,"label":"Streets"},{"stat":0,"label":"Addresses"},{"stat":0,"label":"Cities"},{"stat":0,"label":"Streets"},{"stat":0,"label":"Adms"},{"stat":0,"label":"Streets"},{"stat":-1,"label":"Pois:all"}],"MY":[{"stat":0,"label":"Streets"},{"stat":0,"label":"Streets"},{"stat":0,"label":"Addresses"},{"stat":0,"label":"Cities"},{"stat":0,"label":"Streets"},{"stat":0,"label":"Adms"},{"stat":0,"label":"Streets"},{"stat":-1,"label":"Pois:all"}],"MZ":[{"stat":0,"label":"Streets"},{"stat":0,"label":"Streets"},{"stat":0,"label":"Addresses"},{"stat":0,"label":"Cities"},{"stat":0,"label":"Streets"},{"stat":0,"label":"Adms"},{"stat":0,"label":"Streets"},{"stat":-1,"label":"Pois:all"}],"NA":[{"stat":0,"label":"Streets"},{"stat":0,"label":"Streets"},{"stat":0,"label":"Addresses"},{"stat":0,"label":"Cities"},{"stat":0,"label":"Streets"},{"stat":0,"label":"Adms"},{"stat":0,"label":"Streets"},{"stat":-1,"label":"Pois:all"}],"NC":[{"stat":0,"label":"Streets"},{"stat":0,"label":"Streets"},{"stat":0,"label":"Addresses"},{"stat":0,"label":"Cities"},{"stat":0,"label":"Streets"},{"stat":0,"label":"Adms"},{"stat":0,"label":"Streets"},{"stat":-1,"label":"Pois:all"}],"NE":[{"stat":0,"label":"Streets"},{"stat":0,"label":"Streets"},{"stat":0,"label":"Addresses"},{"stat":0,"label":"Cities"},{"stat":0,"label":"Streets"},{"stat":0,"label":"Adms"},{"stat":0,"label":"Streets"},{"stat":-1,"label":"Pois:all"}],"NF":[{"stat":0,"label":"Streets"},{"stat":0,"label":"Streets"},{"stat":0,"label":"Addresses"},{"stat":0,"label":"Cities"},{"stat":0,"label":"Streets"},{"stat":0,"label":"Adms"},{"stat":0,"label":"Streets"},{"stat":-1,"label":"Pois:all"}],"NG":[{"stat":0,"label":"Streets"},{"stat":0,"label":"Streets"},{"stat":0,"label":"Addresses"},{"stat":0,"label":"Cities"},{"stat":0,"label":"Streets"},{"stat":0,"label":"Adms"},{"stat":0,"label":"Streets"},{"stat":-1,"label":"Pois:all"}],"NI":[{"stat":0,"label":"Streets"},{"stat":0,"label":"Streets"},{"stat":0,"label":"Addresses"},{"stat":0,"label":"Cities"},{"stat":0,"label":"Streets"},{"stat":0,"label":"Adms"},{"stat":0,"label":"Streets"},{"stat":-1,"label":"Pois:all"}],"NL":[{"stat":0,"label":"Streets"},{"stat":0,"label":"Streets"},{"stat":0,"label":"Addresses"},{"stat":0,"label":"Cities"},{"stat":0,"label":"Streets"},{"stat":0,"label":"Adms"},{"stat":0,"label":"Streets"},{"stat":-1,"label":"Pois:all"}],"NO":[{"stat":0,"label":"Streets"},{"stat":0,"label":"Streets"},{"stat":0,"label":"Addresses"},{"stat":0,"label":"Cities"},{"stat":0,"label":"Streets"},{"stat":0,"label":"Adms"},{"stat":0,"label":"Streets"},{"stat":-1,"label":"Pois:all"}],"NP":[{"stat":0,"label":"Streets"},{"stat":0,"label":"Streets"},{"stat":0,"label":"Addresses"},{"stat":0,"label":"Cities"},{"stat":0,"label":"Streets"},{"stat":0,"label":"Adms"},{"stat":0,"label":"Streets"},{"stat":-1,"label":"Pois:all"}],"NR":[{"stat":0,"label":"Streets"},{"stat":0,"label":"Streets"},{"stat":0,"label":"Addresses"},{"stat":0,"label":"Cities"},{"stat":0,"label":"Streets"},{"stat":0,"label":"Adms"},{"stat":0,"label":"Streets"},{"stat":-1,"label":"Pois:all"}],"NU":[{"stat":0,"label":"Streets"},{"stat":0,"label":"Streets"},{"stat":0,"label":"Addresses"},{"stat":0,"label":"Cities"},{"stat":0,"label":"Streets"},{"stat":0,"label":"Adms"},{"stat":0,"label":"Streets"},{"stat":-1,"label":"Pois:all"}],"NZ":[{"stat":0,"label":"Streets"},{"stat":0,"label":"Streets"},{"stat":0,"label":"Addresses"},{"stat":0,"label":"Cities"},{"stat":0,"label":"Streets"},{"stat":0,"label":"Adms"},{"stat":0,"label":"Streets"},{"stat":-1,"label":"Pois:all"}],"OM":[{"stat":0,"label":"Streets"},{"stat":0,"label":"Streets"},{"stat":0,"label":"Addresses"},{"stat":0,"label":"Cities"},{"stat":0,"label":"Streets"},{"stat":0,"label":"Adms"},{"stat":0,"label":"Streets"},{"stat":-1,"label":"Pois:all"}],"PA":[{"stat":0,"label":"Streets"},{"stat":0,"label":"Streets"},{"stat":0,"label":"Addresses"},{"stat":0,"label":"Cities"},{"stat":0,"label":"Streets"},{"stat":0,"label":"Adms"},{"stat":0,"label":"Streets"},{"stat":-1,"label":"Pois:all"}],"PE":[{"stat":0,"label":"Streets"},{"stat":0,"label":"Streets"},{"stat":0,"label":"Addresses"},{"stat":0,"label":"Cities"},{"stat":0,"label":"Streets"},{"stat":0,"label":"Adms"},{"stat":0,"label":"Streets"},{"stat":-1,"label":"Pois:all"}],"PF":[{"stat":0,"label":"Streets"},{"stat":0,"label":"Streets"},{"stat":0,"label":"Addresses"},{"stat":0,"label":"Cities"},{"stat":0,"label":"Streets"},{"stat":0,"label":"Adms"},{"stat":0,"label":"Streets"},{"stat":-1,"label":"Pois:all"}],"PG":[{"stat":0,"label":"Streets"},{"stat":0,"label":"Streets"},{"stat":0,"label":"Addresses"},{"stat":0,"label":"Cities"},{"stat":0,"label":"Streets"},{"stat":0,"label":"Adms"},{"stat":0,"label":"Streets"},{"stat":-1,"label":"Pois:all"}],"PH":[{"stat":0,"label":"Streets"},{"stat":0,"label":"Streets"},{"stat":0,"label":"Addresses"},{"stat":0,"label":"Cities"},{"stat":0,"label":"Streets"},{"stat":0,"label":"Adms"},{"stat":0,"label":"Streets"},{"stat":-1,"label":"Pois:all"}],"PK":[{"stat":0,"label":"Streets"},{"stat":0,"label":"Streets"},{"stat":0,"label":"Addresses"},{"stat":0,"label":"Cities"},{"stat":0,"label":"Streets"},{"stat":0,"label":"Adms"},{"stat":0,"label":"Streets"},{"stat":-1,"label":"Pois:all"}],"PL":[{"stat":0,"label":"Streets"},{"stat":0,"label":"Streets"},{"stat":0,"label":"Addresses"},{"stat":0,"label":"Cities"},{"stat":0,"label":"Streets"},{"stat":0,"label":"Adms"},{"stat":0,"label":"Streets"},{"stat":-1,"label":"Pois:all"}],"PM":[{"stat":0,"label":"Streets"},{"stat":0,"label":"Streets"},{"stat":0,"label":"Addresses"},{"stat":0,"label":"Cities"},{"stat":0,"label":"Streets"},{"stat":0,"label":"Adms"},{"stat":0,"label":"Streets"},{"stat":-1,"label":"Pois:all"}],"PN":[{"stat":0,"label":"Streets"},{"stat":0,"label":"Streets"},{"stat":0,"label":"Addresses"},{"stat":0,"label":"Cities"},{"stat":0,"label":"Streets"},{"stat":0,"label":"Adms"},{"stat":0,"label":"Streets"},{"stat":-1,"label":"Pois:all"}]}